vpn_server,username,password,country,breach_source
vpn.startupcloud.io,admin30,Cloud@321,Singapore,malware
vpn.cyberinfra.io,employee2298,Secure@456,Singapore,phishing
vpn.globaldata.org,user3492,Admin@123,Germany,phishing
vpn.securebank.net,employee0136,Data@654,Germany,credential_dump
vpn.datavault.net,employee017,User@888,Australia,phishing
vpn.startupcloud.io,user3423,Pass@909,Germany,malware
vpn.techcorp.com,finance013,Cloud@321,Australia,database_leak
vpn.clouddata.io,guestuser81,Money@2024,Canada,phishing
vpn.securebank.net,admin53,Money@2024,UK,database_leak
vpn.securebank.net,finance0119,Secure@456,Singapore,phishing
vpn.financehub.org,finance0152,Money@2024,Canada,credential_dump
vpn.cyberinfra.io,employee0199,User@888,UK,malware
vpn.cyberinfra.io,guestuser22,Money@2024,Singapore,malware
vpn.financehub.org,guestuser47,Data@654,Australia,credential_dump
vpn.globaldata.org,guestuser37,Dev@789,UK,database_leak
vpn.securebank.net,admin29,Pass@909,Australia,credential_dump
vpn.techcorp.com,admin94,Welcome@1,UK,phishing
vpn.globaldata.org,analyst0787,Dev@789,Singapore,phishing
vpn.datavault.net,user346,Access@777,Singapore,phishing
vpn.startupcloud.io,user3470,Access@777,Canada,credential_dump
vpn.cyberinfra.io,admin37,Money@2024,India,credential_dump
vpn.globaldata.org,it_support73,Access@777,Germany,credential_dump
vpn.clouddata.io,guestuser79,Welcome@1,UK,phishing
vpn.cyberinfra.io,employee2297,User@888,India,malware
vpn.datavault.net,admin47,Dev@789,Germany,credential_dump
vpn.clouddata.io,admin55,Cloud@321,USA,database_leak
vpn.startupcloud.io,finance0123,User@888,UK,credential_dump
vpn.securebank.net,employee0138,Pass@909,India,database_leak
vpn.techcorp.com,network_ops25,Access@777,Germany,malware
vpn.clouddata.io,analyst0711,Welcome@1,UK,phishing
vpn.financehub.org,guestuser74,Money@2024,India,phishing
vpn.startupcloud.io,devuser31,Pass@909,India,database_leak
vpn.financehub.org,finance0121,Secure@456,UK,malware
vpn.clouddata.io,it_support40,Money@2024,Canada,credential_dump
vpn.cyberinfra.io,admin86,Secure@456,Singapore,database_leak
vpn.financehub.org,admin97,Secure@456,USA,credential_dump
vpn.securebank.net,employee0141,Admin@123,USA,malware
vpn.financehub.org,employee0120,Welcome@1,Germany,database_leak
vpn.securebank.net,finance0112,Access@777,UK,database_leak
vpn.techcorp.com,employee2261,Admin@123,Canada,phishing
vpn.globaldata.org,analyst0772,Access@777,Australia,malware
vpn.techcorp.com,employee0115,Cloud@321,Australia,database_leak
vpn.cyberinfra.io,analyst0790,Dev@789,Singapore,phishing
vpn.globaldata.org,finance015,Data@654,Australia,phishing
vpn.financehub.org,employee0111,Pass@909,Singapore,phishing
vpn.financehub.org,it_support69,Money@2024,Australia,phishing
vpn.globaldata.org,devuser15,Welcome@1,USA,credential_dump
vpn.clouddata.io,analyst0731,Data@654,Singapore,credential_dump
vpn.clouddata.io,admin59,User@888,Germany,database_leak
vpn.clouddata.io,guestuser57,Dev@789,India,malware
vpn.clouddata.io,analyst0784,Secure@456,UK,database_leak
vpn.globaldata.org,finance0185,Welcome@1,India,database_leak
vpn.cyberinfra.io,finance0169,Access@777,Germany,malware
vpn.financehub.org,employee2281,Money@2024,Singapore,database_leak
vpn.startupcloud.io,employee2260,Welcome@1,Singapore,credential_dump
vpn.cyberinfra.io,employee2278,Dev@789,Germany,phishing
vpn.techcorp.com,devuser61,Access@777,Australia,malware
vpn.techcorp.com,employee0154,Money@2024,Canada,credential_dump
vpn.financehub.org,employee2217,Secure@456,India,credential_dump
vpn.startupcloud.io,network_ops25,Dev@789,India,malware
vpn.startupcloud.io,analyst0773,Secure@456,UK,database_leak
vpn.cyberinfra.io,devuser23,Secure@456,UK,phishing
vpn.cyberinfra.io,analyst0766,Data@654,Canada,phishing
vpn.datavault.net,user343,Welcome@1,USA,malware
vpn.globaldata.org,admin96,Admin@123,UK,malware
vpn.financehub.org,network_ops24,Pass@909,India,credential_dump
vpn.clouddata.io,analyst0795,Dev@789,Singapore,database_leak
vpn.securebank.net,guestuser96,Welcome@1,Canada,phishing
vpn.datavault.net,finance0171,Dev@789,Canada,database_leak
vpn.techcorp.com,admin67,Money@2024,Canada,phishing
vpn.clouddata.io,it_support5,Pass@909,Singapore,malware
vpn.clouddata.io,guestuser68,Access@777,Australia,credential_dump
vpn.startupcloud.io,finance0178,Money@2024,UK,database_leak
vpn.datavault.net,guestuser42,Admin@123,USA,credential_dump
vpn.datavault.net,network_ops83,User@888,Singapore,credential_dump
vpn.datavault.net,it_support4,Secure@456,USA,phishing
vpn.securebank.net,it_support59,Welcome@1,Canada,database_leak
vpn.cyberinfra.io,analyst0753,Dev@789,Singapore,phishing
vpn.securebank.net,admin42,Data@654,UK,credential_dump
vpn.financehub.org,user349,Dev@789,Germany,malware
vpn.globaldata.org,guestuser11,Data@654,UK,malware
vpn.techcorp.com,it_support54,Admin@123,India,malware
vpn.securebank.net,user3436,Secure@456,Australia,database_leak
vpn.startupcloud.io,user3485,Admin@123,India,phishing
vpn.techcorp.com,it_support84,Welcome@1,Germany,credential_dump
vpn.techcorp.com,network_ops42,Cloud@321,Germany,phishing
vpn.datavault.net,user3480,Secure@456,India,malware
vpn.techcorp.com,finance0124,Access@777,UK,malware
vpn.securebank.net,devuser89,Access@777,Canada,phishing
vpn.startupcloud.io,guestuser16,User@888,Canada,credential_dump
vpn.techcorp.com,it_support83,User@888,India,malware
vpn.datavault.net,finance0178,Secure@456,USA,malware
vpn.securebank.net,user3475,Money@2024,India,database_leak
vpn.datavault.net,admin97,Data@654,USA,phishing
vpn.clouddata.io,employee2271,Welcome@1,USA,phishing
vpn.startupcloud.io,network_ops55,Access@777,USA,malware
vpn.clouddata.io,admin34,Money@2024,UK,malware
vpn.securebank.net,employee0191,Welcome@1,Australia,phishing
vpn.securebank.net,it_support33,Data@654,Australia,credential_dump
vpn.globaldata.org,guestuser35,Welcome@1,Singapore,malware
vpn.cyberinfra.io,devuser25,Cloud@321,Singapore,database_leak
vpn.clouddata.io,devuser45,Dev@789,USA,credential_dump
vpn.startupcloud.io,guestuser3,Access@777,USA,malware
vpn.clouddata.io,network_ops80,Money@2024,USA,database_leak
vpn.techcorp.com,employee0119,User@888,USA,credential_dump
vpn.techcorp.com,employee017,Money@2024,UK,database_leak
vpn.datavault.net,analyst0774,Data@654,India,database_leak
vpn.securebank.net,employee0137,Cloud@321,India,credential_dump
vpn.cyberinfra.io,analyst0756,Pass@909,Canada,malware
vpn.cyberinfra.io,admin45,Access@777,Singapore,phishing
vpn.clouddata.io,employee2292,Data@654,Canada,phishing
vpn.financehub.org,guestuser31,Dev@789,USA,credential_dump
vpn.startupcloud.io,guestuser46,Cloud@321,Singapore,database_leak
vpn.techcorp.com,it_support73,Access@777,Australia,malware
vpn.techcorp.com,it_support81,Dev@789,India,phishing
vpn.securebank.net,employee0123,Dev@789,UK,credential_dump
vpn.datavault.net,analyst0763,Welcome@1,UK,phishing
vpn.datavault.net,network_ops79,User@888,Australia,malware
vpn.datavault.net,finance0114,Welcome@1,Germany,malware
vpn.financehub.org,analyst0780,Pass@909,India,phishing
vpn.techcorp.com,analyst0764,User@888,India,malware
vpn.clouddata.io,employee0165,Cloud@321,Germany,phishing
vpn.startupcloud.io,guestuser74,User@888,Singapore,malware
vpn.startupcloud.io,finance0120,Cloud@321,Germany,database_leak
vpn.cyberinfra.io,admin86,Cloud@321,India,credential_dump
vpn.techcorp.com,analyst0728,Secure@456,USA,phishing
vpn.startupcloud.io,user3431,Welcome@1,Singapore,phishing
vpn.financehub.org,devuser78,Pass@909,Singapore,database_leak
vpn.datavault.net,analyst0792,Data@654,Germany,malware
vpn.startupcloud.io,network_ops19,Welcome@1,Australia,credential_dump
vpn.startupcloud.io,devuser2,Secure@456,UK,database_leak
vpn.cyberinfra.io,analyst0744,Secure@456,Germany,database_leak
vpn.clouddata.io,employee2275,Data@654,USA,phishing
vpn.clouddata.io,it_support27,Pass@909,India,malware
vpn.securebank.net,finance0153,Cloud@321,Germany,database_leak
vpn.financehub.org,admin82,Pass@909,Australia,database_leak
vpn.startupcloud.io,user3445,Dev@789,India,phishing
vpn.startupcloud.io,it_support25,Welcome@1,UK,database_leak
vpn.securebank.net,guestuser29,Access@777,India,phishing
vpn.startupcloud.io,it_support34,Pass@909,India,malware
vpn.financehub.org,admin29,User@888,Canada,credential_dump
vpn.financehub.org,analyst0768,Cloud@321,USA,phishing
vpn.clouddata.io,finance0188,User@888,UK,phishing
vpn.clouddata.io,user3480,Secure@456,Singapore,database_leak
vpn.datavault.net,user3462,Pass@909,UK,database_leak
vpn.cyberinfra.io,employee0175,Admin@123,Canada,database_leak
vpn.financehub.org,guestuser10,Access@777,Australia,phishing
vpn.securebank.net,analyst0784,Welcome@1,UK,malware
vpn.financehub.org,it_support66,Access@777,USA,database_leak
vpn.globaldata.org,user345,Secure@456,Germany,malware
vpn.cyberinfra.io,guestuser24,Access@777,USA,malware
vpn.cyberinfra.io,devuser74,Cloud@321,Canada,database_leak
vpn.datavault.net,analyst0748,Welcome@1,Canada,malware
vpn.startupcloud.io,network_ops8,Money@2024,Canada,database_leak
vpn.techcorp.com,admin53,Money@2024,USA,credential_dump
vpn.financehub.org,devuser74,Money@2024,Germany,database_leak
vpn.datavault.net,guestuser80,Money@2024,Germany,database_leak
vpn.clouddata.io,admin94,Secure@456,Singapore,credential_dump
vpn.clouddata.io,it_support16,User@888,Canada,phishing
vpn.cyberinfra.io,employee0110,Admin@123,Australia,database_leak
vpn.financehub.org,guestuser55,Data@654,Canada,credential_dump
vpn.globaldata.org,devuser3,Money@2024,UK,database_leak
vpn.techcorp.com,admin26,Welcome@1,USA,malware
vpn.datavault.net,devuser13,Admin@123,Germany,credential_dump
vpn.cyberinfra.io,devuser4,Admin@123,Germany,database_leak
vpn.cyberinfra.io,guestuser41,Cloud@321,Australia,malware
vpn.clouddata.io,network_ops66,Admin@123,Australia,malware
vpn.datavault.net,guestuser13,Welcome@1,Australia,phishing
vpn.datavault.net,finance0144,Money@2024,Germany,database_leak
vpn.techcorp.com,employee0125,Dev@789,Singapore,credential_dump
vpn.financehub.org,network_ops4,Admin@123,Singapore,credential_dump
vpn.cyberinfra.io,guestuser73,Welcome@1,Canada,phishing
vpn.clouddata.io,employee2225,Welcome@1,UK,credential_dump
vpn.globaldata.org,employee2298,Secure@456,Singapore,phishing
vpn.techcorp.com,admin64,Admin@123,India,credential_dump
vpn.techcorp.com,devuser54,Money@2024,India,phishing
vpn.financehub.org,employee2212,Data@654,Australia,credential_dump
vpn.securebank.net,guestuser48,Welcome@1,Singapore,credential_dump
vpn.clouddata.io,user3458,Dev@789,India,credential_dump
vpn.financehub.org,network_ops71,Dev@789,Canada,credential_dump
vpn.globaldata.org,employee0140,Dev@789,Canada,phishing
vpn.clouddata.io,employee2259,Secure@456,Australia,phishing
vpn.clouddata.io,it_support1,Welcome@1,Australia,phishing
vpn.globaldata.org,employee2283,Pass@909,UK,credential_dump
vpn.financehub.org,devuser23,User@888,Singapore,phishing
vpn.globaldata.org,user3498,Access@777,Germany,malware
vpn.datavault.net,employee2285,Money@2024,Singapore,credential_dump
vpn.clouddata.io,finance0159,Admin@123,USA,credential_dump
vpn.techcorp.com,employee0132,Cloud@321,Australia,credential_dump
vpn.cyberinfra.io,employee0191,Data@654,Singapore,malware
vpn.startupcloud.io,network_ops48,Access@777,Singapore,credential_dump
vpn.clouddata.io,employee2242,User@888,Germany,phishing
vpn.startupcloud.io,employee0167,Dev@789,USA,phishing
vpn.globaldata.org,guestuser8,Cloud@321,Canada,credential_dump
vpn.financehub.org,guestuser31,Data@654,India,malware
vpn.clouddata.io,employee2286,Dev@789,Singapore,malware
vpn.techcorp.com,it_support3,Data@654,Canada,credential_dump
vpn.securebank.net,analyst0773,Cloud@321,Canada,phishing
vpn.financehub.org,network_ops54,User@888,Singapore,malware
vpn.securebank.net,employee0178,Money@2024,Canada,credential_dump
vpn.cyberinfra.io,employee2282,Money@2024,USA,malware
vpn.clouddata.io,analyst0736,Dev@789,Australia,database_leak
vpn.globaldata.org,finance0167,User@888,Singapore,phishing
vpn.globaldata.org,guestuser23,Access@777,USA,credential_dump
vpn.securebank.net,finance0147,Money@2024,Australia,database_leak
vpn.startupcloud.io,employee2214,Money@2024,UK,phishing
vpn.startupcloud.io,admin5,Access@777,Canada,malware
vpn.clouddata.io,finance0122,Access@777,USA,malware
vpn.startupcloud.io,employee0196,Secure@456,Australia,database_leak
vpn.financehub.org,devuser93,Access@777,Germany,malware
vpn.startupcloud.io,employee2225,User@888,UK,malware
vpn.globaldata.org,it_support17,Data@654,Germany,credential_dump
vpn.datavault.net,guestuser56,Money@2024,Australia,phishing
vpn.financehub.org,network_ops20,Secure@456,USA,phishing
vpn.techcorp.com,analyst0787,Dev@789,Germany,credential_dump
vpn.clouddata.io,employee2278,Access@777,Germany,malware
vpn.startupcloud.io,devuser96,Dev@789,Australia,credential_dump
vpn.startupcloud.io,guestuser54,Dev@789,USA,phishing
vpn.securebank.net,user3421,User@888,Canada,malware
vpn.cyberinfra.io,employee0127,User@888,Australia,database_leak
vpn.clouddata.io,employee2225,Money@2024,UK,phishing
vpn.clouddata.io,admin37,Money@2024,Australia,database_leak
vpn.cyberinfra.io,analyst0771,Money@2024,Canada,malware
vpn.datavault.net,it_support22,Welcome@1,UK,phishing
vpn.techcorp.com,devuser51,Access@777,Singapore,phishing
vpn.startupcloud.io,guestuser62,Dev@789,Germany,database_leak
vpn.cyberinfra.io,admin35,Pass@909,UK,malware
vpn.securebank.net,finance0140,Access@777,USA,malware
vpn.cyberinfra.io,employee0168,Cloud@321,Canada,phishing
vpn.cyberinfra.io,it_support48,Money@2024,Singapore,credential_dump
vpn.startupcloud.io,employee2275,Data@654,Canada,phishing
vpn.startupcloud.io,analyst0768,Data@654,Canada,phishing
vpn.securebank.net,employee017,Cloud@321,Singapore,phishing
vpn.globaldata.org,guestuser77,Cloud@321,Canada,phishing
vpn.securebank.net,guestuser6,Money@2024,Australia,malware
vpn.datavault.net,finance0196,Admin@123,Canada,credential_dump
vpn.cyberinfra.io,devuser84,User@888,Australia,database_leak
vpn.financehub.org,guestuser82,Secure@456,Canada,database_leak
vpn.financehub.org,finance0145,Data@654,Singapore,malware
vpn.techcorp.com,it_support17,Access@777,Singapore,credential_dump
vpn.datavault.net,finance0168,Welcome@1,Germany,phishing
vpn.financehub.org,admin7,Pass@909,Singapore,database_leak
vpn.cyberinfra.io,finance0146,Cloud@321,Canada,credential_dump
vpn.startupcloud.io,finance0158,Admin@123,Germany,database_leak
vpn.securebank.net,admin91,Admin@123,Canada,credential_dump
vpn.globaldata.org,admin92,Welcome@1,Australia,credential_dump
vpn.financehub.org,admin27,Pass@909,USA,database_leak
vpn.financehub.org,analyst0746,Access@777,UK,database_leak
vpn.financehub.org,network_ops89,Data@654,Germany,database_leak
vpn.datavault.net,admin19,Cloud@321,UK,credential_dump
vpn.startupcloud.io,analyst0712,User@888,Germany,database_leak
vpn.techcorp.com,admin18,Access@777,Canada,phishing
vpn.globaldata.org,employee0169,Pass@909,Canada,credential_dump
vpn.datavault.net,network_ops7,Access@777,Singapore,malware
vpn.securebank.net,guestuser58,Secure@456,USA,malware
vpn.cyberinfra.io,analyst0753,User@888,Germany,database_leak
vpn.datavault.net,it_support3,Data@654,Australia,database_leak
vpn.startupcloud.io,analyst078,Access@777,Canada,phishing
vpn.techcorp.com,employee2211,Welcome@1,USA,credential_dump
vpn.datavault.net,network_ops73,Secure@456,Australia,database_leak
vpn.clouddata.io,network_ops30,Dev@789,India,credential_dump
vpn.financehub.org,guestuser58,Pass@909,Canada,database_leak
vpn.cyberinfra.io,analyst0784,Welcome@1,Australia,malware
vpn.globaldata.org,it_support32,Cloud@321,UK,database_leak
vpn.clouddata.io,devuser7,Cloud@321,Canada,phishing
vpn.globaldata.org,guestuser47,Data@654,Germany,phishing
vpn.cyberinfra.io,user3426,Cloud@321,Germany,database_leak
vpn.startupcloud.io,employee0113,Cloud@321,Germany,database_leak
vpn.clouddata.io,employee2253,Dev@789,Singapore,phishing
vpn.securebank.net,analyst0722,Cloud@321,Singapore,credential_dump
vpn.securebank.net,it_support82,Cloud@321,UK,database_leak
vpn.techcorp.com,network_ops14,Pass@909,Canada,phishing
vpn.globaldata.org,network_ops46,Admin@123,Germany,phishing
vpn.securebank.net,employee2264,Money@2024,USA,malware
vpn.globaldata.org,employee0199,Pass@909,Singapore,phishing
vpn.securebank.net,employee0115,Data@654,India,credential_dump
vpn.financehub.org,analyst0735,Money@2024,USA,database_leak
vpn.clouddata.io,employee2286,User@888,UK,database_leak
vpn.securebank.net,finance0163,Access@777,Canada,database_leak
vpn.cyberinfra.io,user343,Secure@456,UK,credential_dump
vpn.cyberinfra.io,finance0154,Money@2024,USA,database_leak
vpn.financehub.org,admin6,Welcome@1,Germany,malware
vpn.securebank.net,guestuser10,Cloud@321,Germany,database_leak
vpn.datavault.net,analyst0761,Secure@456,India,credential_dump
vpn.startupcloud.io,network_ops44,Admin@123,USA,credential_dump
vpn.datavault.net,analyst0742,Pass@909,Singapore,malware
vpn.clouddata.io,network_ops8,Access@777,Australia,phishing
vpn.cyberinfra.io,network_ops58,Admin@123,USA,malware
vpn.clouddata.io,devuser98,Admin@123,USA,malware
vpn.globaldata.org,analyst072,Cloud@321,Canada,phishing
vpn.financehub.org,user3438,Data@654,UK,phishing
vpn.globaldata.org,it_support29,Access@777,Canada,malware
vpn.startupcloud.io,guestuser45,Dev@789,Australia,credential_dump
vpn.cyberinfra.io,admin19,Access@777,USA,credential_dump
vpn.techcorp.com,analyst0749,Cloud@321,USA,credential_dump
vpn.cyberinfra.io,analyst0771,Dev@789,Canada,credential_dump
vpn.cyberinfra.io,finance0148,Welcome@1,Canada,credential_dump
vpn.cyberinfra.io,it_support31,User@888,India,database_leak
vpn.globaldata.org,user3494,Welcome@1,Australia,credential_dump
vpn.datavault.net,finance0199,Admin@123,USA,credential_dump
vpn.startupcloud.io,finance0172,Dev@789,Singapore,database_leak
vpn.globaldata.org,employee0183,Cloud@321,UK,malware
vpn.techcorp.com,network_ops68,Money@2024,Germany,database_leak
vpn.globaldata.org,guestuser64,Dev@789,India,credential_dump
vpn.techcorp.com,user344,Dev@789,Singapore,database_leak
vpn.securebank.net,finance0184,Pass@909,Germany,credential_dump
vpn.securebank.net,devuser70,Data@654,Australia,credential_dump
vpn.startupcloud.io,network_ops47,Data@654,India,database_leak
vpn.techcorp.com,analyst0718,Pass@909,Singapore,database_leak
vpn.datavault.net,devuser50,Welcome@1,UK,malware
vpn.cyberinfra.io,guestuser36,Dev@789,Canada,malware
vpn.startupcloud.io,it_support97,Data@654,Singapore,phishing
vpn.techcorp.com,employee2280,Data@654,Canada,credential_dump
vpn.startupcloud.io,employee0188,User@888,USA,malware
vpn.datavault.net,guestuser31,Admin@123,Germany,credential_dump
vpn.startupcloud.io,it_support46,Pass@909,Canada,malware
vpn.clouddata.io,user3473,Secure@456,Canada,database_leak
vpn.globaldata.org,employee0150,Access@777,Australia,malware
vpn.startupcloud.io,admin83,Data@654,UK,malware
vpn.datavault.net,it_support2,Admin@123,Canada,credential_dump
vpn.datavault.net,admin99,Secure@456,India,database_leak
vpn.financehub.org,devuser59,Dev@789,Canada,database_leak
vpn.techcorp.com,devuser69,Pass@909,India,database_leak
vpn.datavault.net,analyst0789,Pass@909,USA,phishing
vpn.securebank.net,it_support74,Access@777,India,malware
vpn.globaldata.org,admin5,User@888,India,malware
vpn.techcorp.com,devuser40,User@888,Singapore,phishing
vpn.datavault.net,employee2250,Secure@456,Australia,credential_dump
vpn.startupcloud.io,guestuser15,Welcome@1,Germany,phishing
vpn.clouddata.io,it_support64,Secure@456,Australia,credential_dump
vpn.datavault.net,finance0116,User@888,Germany,credential_dump
vpn.datavault.net,finance0197,Dev@789,Australia,phishing
vpn.datavault.net,admin3,Money@2024,UK,credential_dump
vpn.securebank.net,network_ops11,Admin@123,Singapore,credential_dump
vpn.globaldata.org,employee0188,Welcome@1,Germany,phishing
vpn.globaldata.org,admin96,Pass@909,Germany,phishing
vpn.techcorp.com,employee2284,User@888,Canada,phishing
vpn.financehub.org,employee0112,Pass@909,Germany,database_leak
vpn.startupcloud.io,devuser65,Money@2024,UK,phishing
vpn.securebank.net,network_ops14,Money@2024,UK,malware
vpn.datavault.net,network_ops44,Admin@123,Canada,credential_dump
vpn.securebank.net,user3473,Access@777,Germany,phishing
vpn.securebank.net,network_ops38,Dev@789,Canada,phishing
vpn.securebank.net,admin7,Dev@789,Canada,credential_dump
vpn.techcorp.com,it_support96,Money@2024,UK,credential_dump
vpn.startupcloud.io,finance0117,Secure@456,UK,phishing
vpn.startupcloud.io,network_ops49,Welcome@1,UK,database_leak
vpn.financehub.org,user3456,Access@777,Canada,database_leak
vpn.cyberinfra.io,finance0165,Admin@123,India,database_leak
vpn.cyberinfra.io,analyst0790,Money@2024,Australia,database_leak
vpn.clouddata.io,employee0139,Data@654,UK,malware
vpn.datavault.net,devuser96,Pass@909,Australia,database_leak
vpn.techcorp.com,network_ops68,Welcome@1,Germany,phishing
vpn.datavault.net,user3434,Welcome@1,USA,malware
vpn.startupcloud.io,devuser30,Secure@456,USA,malware
vpn.cyberinfra.io,network_ops92,Welcome@1,Singapore,phishing
vpn.datavault.net,guestuser91,Admin@123,India,phishing
vpn.techcorp.com,user3470,User@888,UK,malware
vpn.techcorp.com,guestuser85,Data@654,USA,database_leak
vpn.globaldata.org,admin82,Data@654,India,malware
vpn.clouddata.io,devuser95,Money@2024,Singapore,phishing
vpn.globaldata.org,devuser60,Data@654,Australia,phishing
vpn.startupcloud.io,network_ops34,Secure@456,Australia,phishing
vpn.startupcloud.io,employee0150,Money@2024,India,malware
vpn.cyberinfra.io,employee2234,Pass@909,UK,database_leak
vpn.startupcloud.io,devuser12,Cloud@321,Canada,malware
vpn.securebank.net,it_support63,Pass@909,India,credential_dump
vpn.securebank.net,finance012,User@888,India,malware
vpn.financehub.org,analyst0720,Admin@123,Singapore,database_leak
vpn.datavault.net,guestuser74,Admin@123,UK,malware
vpn.globaldata.org,finance017,User@888,UK,credential_dump
vpn.globaldata.org,devuser39,Dev@789,UK,malware
vpn.globaldata.org,employee2261,Secure@456,Canada,phishing
vpn.startupcloud.io,it_support48,Access@777,Germany,malware
vpn.datavault.net,analyst0798,Money@2024,Germany,malware
vpn.clouddata.io,employee0127,Data@654,Germany,phishing
vpn.clouddata.io,analyst0729,Secure@456,Australia,phishing
vpn.techcorp.com,employee2283,Secure@456,USA,database_leak
vpn.globaldata.org,finance0157,Data@654,Germany,database_leak
vpn.financehub.org,admin85,Secure@456,Singapore,malware
vpn.globaldata.org,admin42,Dev@789,Singapore,credential_dump
vpn.techcorp.com,guestuser47,Access@777,Canada,database_leak
vpn.datavault.net,finance0169,Access@777,India,database_leak
vpn.startupcloud.io,finance0149,Cloud@321,India,phishing
vpn.clouddata.io,employee0122,Welcome@1,Germany,database_leak
vpn.clouddata.io,network_ops32,Access@777,India,phishing
vpn.startupcloud.io,employee0119,Pass@909,Canada,malware
vpn.techcorp.com,devuser87,Access@777,Australia,credential_dump
vpn.datavault.net,employee227,Cloud@321,UK,credential_dump
vpn.clouddata.io,employee0139,Pass@909,Australia,database_leak
vpn.techcorp.com,it_support10,Money@2024,Singapore,phishing
vpn.techcorp.com,it_support3,Dev@789,USA,credential_dump
vpn.globaldata.org,devuser42,Access@777,USA,malware
vpn.clouddata.io,admin39,Pass@909,USA,credential_dump
vpn.startupcloud.io,it_support30,Data@654,Canada,phishing
vpn.startupcloud.io,network_ops83,Secure@456,India,malware
vpn.globaldata.org,employee2225,Dev@789,Singapore,malware
vpn.financehub.org,user3415,Money@2024,UK,credential_dump
vpn.startupcloud.io,admin47,Welcome@1,India,credential_dump
vpn.financehub.org,network_ops45,Admin@123,Germany,phishing
vpn.securebank.net,devuser84,Access@777,Australia,credential_dump
vpn.securebank.net,admin67,Data@654,Singapore,credential_dump
vpn.globaldata.org,finance0195,Secure@456,USA,phishing
vpn.securebank.net,user3450,Money@2024,Germany,credential_dump
vpn.globaldata.org,user3466,Cloud@321,USA,malware
vpn.clouddata.io,employee0153,Cloud@321,UK,database_leak
vpn.clouddata.io,employee2268,Dev@789,UK,database_leak
vpn.cyberinfra.io,employee0187,Dev@789,India,credential_dump
vpn.cyberinfra.io,it_support44,Dev@789,UK,database_leak
vpn.startupcloud.io,finance0139,Money@2024,Germany,credential_dump
vpn.clouddata.io,network_ops59,User@888,Canada,phishing
vpn.startupcloud.io,guestuser69,Cloud@321,UK,credential_dump
vpn.clouddata.io,network_ops34,Welcome@1,UK,database_leak
vpn.securebank.net,guestuser62,Welcome@1,USA,database_leak
vpn.financehub.org,employee2263,User@888,Germany,malware
vpn.clouddata.io,finance0122,Cloud@321,India,credential_dump
vpn.clouddata.io,devuser9,Secure@456,Germany,malware
vpn.cyberinfra.io,network_ops75,Secure@456,UK,malware
vpn.datavault.net,it_support64,Pass@909,Singapore,credential_dump
vpn.datavault.net,devuser41,Secure@456,India,malware
vpn.startupcloud.io,devuser11,Admin@123,Germany,phishing
vpn.startupcloud.io,employee2229,Cloud@321,India,database_leak
vpn.cyberinfra.io,employee2238,Secure@456,India,database_leak
vpn.financehub.org,it_support51,Welcome@1,India,malware
vpn.startupcloud.io,finance0195,Access@777,UK,phishing
vpn.securebank.net,devuser6,Secure@456,Australia,credential_dump
vpn.clouddata.io,it_support61,Admin@123,UK,database_leak
vpn.securebank.net,user3425,Dev@789,Canada,credential_dump
vpn.startupcloud.io,analyst0732,Secure@456,Germany,database_leak
vpn.securebank.net,admin88,Cloud@321,Canada,phishing
vpn.financehub.org,user3449,Access@777,India,credential_dump
vpn.startupcloud.io,employee0142,Admin@123,UK,phishing
vpn.globaldata.org,admin34,Welcome@1,USA,database_leak
vpn.financehub.org,guestuser22,Secure@456,UK,credential_dump
vpn.techcorp.com,admin65,Access@777,India,credential_dump
vpn.financehub.org,devuser52,Welcome@1,USA,credential_dump
vpn.financehub.org,analyst072,Dev@789,India,credential_dump
vpn.clouddata.io,devuser43,Access@777,USA,malware
vpn.startupcloud.io,it_support37,Secure@456,USA,malware
vpn.cyberinfra.io,it_support43,Cloud@321,India,credential_dump
vpn.globaldata.org,devuser17,User@888,India,credential_dump
vpn.clouddata.io,it_support73,Admin@123,India,phishing
vpn.techcorp.com,employee0146,Secure@456,Germany,malware
vpn.clouddata.io,network_ops15,Pass@909,Canada,database_leak
vpn.globaldata.org,devuser85,Cloud@321,UK,credential_dump
vpn.cyberinfra.io,it_support44,User@888,USA,phishing
vpn.securebank.net,devuser13,Data@654,India,database_leak
vpn.financehub.org,employee0135,Data@654,Germany,phishing
vpn.datavault.net,devuser21,Welcome@1,Singapore,credential_dump
vpn.financehub.org,user345,User@888,Germany,credential_dump
vpn.startupcloud.io,employee2264,Data@654,India,credential_dump
vpn.startupcloud.io,analyst0731,Pass@909,USA,credential_dump
vpn.datavault.net,admin91,Pass@909,Australia,database_leak
vpn.securebank.net,network_ops67,User@888,Germany,phishing
vpn.globaldata.org,it_support15,Pass@909,Australia,credential_dump
vpn.financehub.org,employee2235,Cloud@321,Canada,credential_dump
vpn.techcorp.com,employee0138,Access@777,Germany,phishing
vpn.financehub.org,devuser74,Money@2024,Germany,phishing
vpn.startupcloud.io,guestuser12,Access@777,India,malware
vpn.cyberinfra.io,analyst0755,Pass@909,Germany,malware
vpn.financehub.org,finance015,Pass@909,India,database_leak
vpn.clouddata.io,employee2219,Admin@123,UK,database_leak
vpn.datavault.net,devuser81,Access@777,USA,malware
vpn.startupcloud.io,user3492,Cloud@321,India,database_leak
vpn.cyberinfra.io,employee0179,Admin@123,Singapore,database_leak
vpn.startupcloud.io,devuser19,Access@777,Singapore,phishing
vpn.startupcloud.io,admin74,Money@2024,India,database_leak
vpn.globaldata.org,admin3,Secure@456,Singapore,malware
vpn.datavault.net,finance0143,Money@2024,Germany,malware
vpn.startupcloud.io,user3475,Cloud@321,India,malware
vpn.securebank.net,admin78,Admin@123,UK,credential_dump
vpn.financehub.org,employee0144,Money@2024,India,database_leak
vpn.startupcloud.io,guestuser66,Data@654,Germany,database_leak
vpn.securebank.net,guestuser52,Dev@789,Canada,database_leak
vpn.securebank.net,it_support70,Access@777,India,credential_dump
vpn.clouddata.io,user3492,Access@777,UK,malware
vpn.clouddata.io,employee0115,Secure@456,USA,credential_dump
vpn.clouddata.io,it_support72,User@888,Canada,database_leak
vpn.securebank.net,admin37,User@888,Canada,phishing
vpn.cyberinfra.io,guestuser82,Admin@123,Canada,credential_dump
vpn.techcorp.com,devuser53,Money@2024,Germany,database_leak
vpn.financehub.org,devuser59,Pass@909,Germany,database_leak
vpn.globaldata.org,guestuser29,Dev@789,Canada,database_leak
vpn.datavault.net,network_ops3,Pass@909,Singapore,credential_dump
vpn.securebank.net,employee2282,Dev@789,Germany,database_leak
vpn.startupcloud.io,employee0196,Money@2024,Singapore,database_leak
vpn.globaldata.org,network_ops51,Secure@456,UK,phishing
vpn.clouddata.io,guestuser51,User@888,UK,credential_dump
vpn.cyberinfra.io,admin12,Data@654,Germany,phishing
vpn.techcorp.com,employee013,User@888,Singapore,database_leak
vpn.techcorp.com,employee0144,Cloud@321,Australia,credential_dump
vpn.clouddata.io,user3466,Cloud@321,UK,database_leak
vpn.clouddata.io,finance017,Data@654,UK,phishing
vpn.clouddata.io,admin80,User@888,Germany,database_leak
vpn.clouddata.io,analyst0780,Admin@123,USA,phishing
vpn.securebank.net,guestuser42,Access@777,Germany,malware
vpn.cyberinfra.io,admin37,Access@777,Singapore,phishing
vpn.globaldata.org,analyst0747,User@888,Germany,database_leak
vpn.securebank.net,admin11,Money@2024,Germany,malware
vpn.cyberinfra.io,employee2214,Cloud@321,Germany,malware
vpn.financehub.org,employee2281,Access@777,India,credential_dump
vpn.clouddata.io,admin15,Money@2024,India,malware
vpn.clouddata.io,admin34,Admin@123,India,malware
vpn.techcorp.com,network_ops51,Dev@789,Australia,database_leak
vpn.cyberinfra.io,devuser25,Secure@456,Australia,credential_dump
vpn.cyberinfra.io,user3430,Cloud@321,UK,credential_dump
vpn.globaldata.org,it_support44,Dev@789,USA,credential_dump
vpn.globaldata.org,finance0121,Admin@123,India,database_leak
vpn.techcorp.com,user3422,Data@654,USA,phishing
vpn.financehub.org,analyst0752,Data@654,Canada,database_leak
vpn.startupcloud.io,finance0132,Secure@456,Singapore,malware
vpn.financehub.org,user3417,Cloud@321,Australia,credential_dump
vpn.cyberinfra.io,admin60,Pass@909,USA,malware
vpn.securebank.net,analyst0754,Money@2024,UK,database_leak
vpn.globaldata.org,user3491,Data@654,Singapore,malware
vpn.securebank.net,it_support68,Pass@909,Singapore,database_leak
vpn.techcorp.com,network_ops48,Secure@456,UK,database_leak
vpn.datavault.net,devuser60,Secure@456,Germany,database_leak
vpn.startupcloud.io,analyst0719,Data@654,Australia,database_leak
vpn.techcorp.com,admin33,Money@2024,UK,malware
vpn.cyberinfra.io,employee2296,Money@2024,India,credential_dump
vpn.clouddata.io,finance0182,Welcome@1,USA,phishing
vpn.clouddata.io,analyst0766,User@888,Singapore,phishing
vpn.datavault.net,admin99,User@888,USA,phishing
vpn.datavault.net,network_ops57,Money@2024,Australia,credential_dump
vpn.techcorp.com,admin56,Dev@789,Canada,database_leak
vpn.cyberinfra.io,finance0144,User@888,India,database_leak
vpn.securebank.net,guestuser18,Dev@789,Australia,credential_dump
vpn.globaldata.org,admin59,Pass@909,Germany,database_leak
vpn.globaldata.org,network_ops4,Data@654,UK,database_leak
vpn.financehub.org,finance0157,Dev@789,India,malware
vpn.cyberinfra.io,network_ops20,Admin@123,USA,phishing
vpn.financehub.org,admin28,Data@654,Singapore,phishing
vpn.financehub.org,devuser45,Pass@909,USA,phishing
vpn.clouddata.io,network_ops45,Dev@789,Singapore,credential_dump
vpn.clouddata.io,user3410,Pass@909,India,malware
vpn.securebank.net,guestuser88,Money@2024,UK,database_leak
vpn.startupcloud.io,devuser64,Access@777,Australia,database_leak
vpn.startupcloud.io,finance0117,User@888,UK,malware
vpn.datavault.net,it_support80,User@888,UK,database_leak
vpn.cyberinfra.io,employee017,User@888,Germany,malware
vpn.techcorp.com,guestuser73,Admin@123,Germany,database_leak
vpn.globaldata.org,finance0166,User@888,UK,phishing
vpn.startupcloud.io,admin7,Data@654,India,credential_dump
vpn.datavault.net,admin98,Data@654,USA,database_leak
vpn.securebank.net,guestuser51,Dev@789,UK,database_leak
vpn.clouddata.io,devuser80,Access@777,Canada,malware
vpn.startupcloud.io,network_ops7,Data@654,Singapore,phishing
vpn.globaldata.org,finance0197,Access@777,Canada,database_leak
vpn.cyberinfra.io,user3473,Dev@789,India,database_leak
vpn.securebank.net,it_support76,Dev@789,Australia,phishing
vpn.datavault.net,employee0148,Admin@123,Australia,credential_dump
vpn.techcorp.com,guestuser36,Data@654,Canada,credential_dump
vpn.globaldata.org,analyst0798,Access@777,Australia,phishing
vpn.globaldata.org,network_ops30,Pass@909,Singapore,credential_dump
vpn.cyberinfra.io,user3425,Dev@789,Canada,malware
vpn.techcorp.com,finance0190,Data@654,Singapore,database_leak
vpn.techcorp.com,finance0154,Admin@123,Singapore,malware
vpn.cyberinfra.io,finance0124,Dev@789,Germany,credential_dump
vpn.cyberinfra.io,it_support93,Pass@909,India,credential_dump
vpn.clouddata.io,employee0133,Pass@909,India,phishing
vpn.startupcloud.io,network_ops45,Secure@456,Germany,phishing
vpn.clouddata.io,network_ops37,Pass@909,Germany,phishing
vpn.financehub.org,employee2222,Access@777,India,credential_dump
vpn.cyberinfra.io,guestuser13,Pass@909,Canada,database_leak
vpn.securebank.net,employee0148,Pass@909,Singapore,malware
vpn.cyberinfra.io,guestuser52,Data@654,Australia,database_leak
vpn.techcorp.com,guestuser79,Welcome@1,UK,credential_dump
vpn.startupcloud.io,user3425,Pass@909,Singapore,database_leak
vpn.techcorp.com,employee0140,Money@2024,Germany,malware
vpn.securebank.net,employee0141,Access@777,Singapore,credential_dump
vpn.techcorp.com,user3421,Pass@909,USA,malware
vpn.securebank.net,it_support33,Money@2024,Canada,credential_dump
vpn.financehub.org,network_ops59,Welcome@1,Canada,phishing
vpn.techcorp.com,user3445,Money@2024,India,malware
vpn.techcorp.com,network_ops48,Data@654,Singapore,phishing
vpn.securebank.net,it_support18,Dev@789,UK,credential_dump
vpn.cyberinfra.io,user3414,Admin@123,Germany,database_leak
vpn.datavault.net,it_support28,Money@2024,UK,phishing
vpn.cyberinfra.io,employee0199,User@888,Canada,database_leak
vpn.globaldata.org,it_support50,Welcome@1,Canada,phishing
vpn.clouddata.io,finance0119,Data@654,Germany,credential_dump
vpn.financehub.org,employee2285,Admin@123,India,database_leak
vpn.startupcloud.io,employee0190,Admin@123,Canada,phishing
vpn.techcorp.com,employee0146,Admin@123,Singapore,credential_dump
vpn.globaldata.org,analyst0796,Dev@789,Singapore,phishing
vpn.financehub.org,finance0153,Admin@123,Australia,malware
vpn.cyberinfra.io,employee0120,Secure@456,UK,phishing
vpn.techcorp.com,it_support29,Data@654,Canada,phishing
vpn.clouddata.io,finance0178,Access@777,India,malware
vpn.clouddata.io,admin88,User@888,Singapore,database_leak
vpn.startupcloud.io,finance0121,Money@2024,Germany,database_leak
vpn.securebank.net,employee0144,Admin@123,Canada,phishing
vpn.techcorp.com,network_ops63,Cloud@321,Germany,malware
vpn.startupcloud.io,employee0157,User@888,Canada,database_leak
vpn.securebank.net,devuser21,Data@654,USA,phishing
vpn.techcorp.com,devuser45,Secure@456,Australia,credential_dump
vpn.startupcloud.io,guestuser61,Cloud@321,UK,malware
vpn.financehub.org,network_ops8,Access@777,Canada,malware
vpn.datavault.net,admin45,Welcome@1,Canada,malware
vpn.cyberinfra.io,employee0173,Access@777,Germany,malware
vpn.clouddata.io,devuser49,Welcome@1,USA,malware
vpn.financehub.org,employee2223,Welcome@1,Singapore,malware
vpn.datavault.net,employee2248,Data@654,Australia,credential_dump
vpn.financehub.org,guestuser10,Money@2024,UK,malware
vpn.cyberinfra.io,analyst0734,Secure@456,India,credential_dump
vpn.financehub.org,finance0190,Access@777,India,database_leak
vpn.clouddata.io,guestuser58,Data@654,Australia,phishing
vpn.techcorp.com,it_support5,Secure@456,Australia,credential_dump
vpn.securebank.net,devuser15,Money@2024,Canada,malware
vpn.cyberinfra.io,analyst0752,Access@777,Germany,malware
vpn.clouddata.io,admin32,Secure@456,USA,phishing
vpn.cyberinfra.io,employee2268,Admin@123,USA,credential_dump
vpn.securebank.net,finance0180,Money@2024,Canada,database_leak
vpn.financehub.org,it_support42,Cloud@321,Singapore,credential_dump
vpn.securebank.net,network_ops82,Welcome@1,Singapore,phishing
vpn.startupcloud.io,admin21,Dev@789,Australia,malware
vpn.techcorp.com,network_ops13,Access@777,Canada,phishing
vpn.clouddata.io,it_support28,Cloud@321,Australia,credential_dump
vpn.techcorp.com,analyst0770,User@888,Singapore,malware
vpn.globaldata.org,devuser83,Secure@456,Singapore,malware
vpn.securebank.net,admin77,Data@654,UK,credential_dump
vpn.startupcloud.io,employee2271,Data@654,Singapore,database_leak
vpn.startupcloud.io,finance0149,Data@654,Singapore,malware
vpn.clouddata.io,employee2283,Money@2024,Singapore,phishing
vpn.financehub.org,guestuser55,Data@654,Singapore,database_leak
vpn.startupcloud.io,employee0114,Access@777,Singapore,database_leak
vpn.datavault.net,employee2247,Access@777,UK,phishing
vpn.techcorp.com,it_support83,User@888,Canada,database_leak
vpn.clouddata.io,admin14,Cloud@321,Canada,malware
vpn.financehub.org,employee0139,Pass@909,Australia,malware
vpn.datavault.net,devuser95,Admin@123,UK,malware
vpn.securebank.net,guestuser42,Money@2024,Germany,credential_dump
vpn.datavault.net,finance0111,Secure@456,Singapore,malware
vpn.financehub.org,admin1,Cloud@321,India,database_leak
vpn.datavault.net,network_ops7,Secure@456,India,database_leak
vpn.startupcloud.io,analyst0784,Dev@789,India,phishing
vpn.financehub.org,devuser66,Access@777,Australia,malware
vpn.clouddata.io,network_ops46,Pass@909,India,database_leak
vpn.securebank.net,finance0151,Pass@909,Australia,phishing
vpn.clouddata.io,it_support96,Access@777,Singapore,database_leak
vpn.startupcloud.io,employee2267,Data@654,UK,credential_dump
vpn.globaldata.org,employee2263,Pass@909,Germany,malware
vpn.cyberinfra.io,analyst0790,Admin@123,Germany,credential_dump
vpn.techcorp.com,devuser31,Pass@909,Australia,malware
vpn.techcorp.com,analyst0799,Cloud@321,Canada,database_leak
vpn.clouddata.io,admin9,Pass@909,India,phishing
vpn.techcorp.com,guestuser38,Admin@123,Australia,phishing
vpn.techcorp.com,it_support88,Cloud@321,UK,malware
vpn.startupcloud.io,user3484,Welcome@1,Singapore,credential_dump
vpn.cyberinfra.io,it_support7,Secure@456,Canada,credential_dump
vpn.cyberinfra.io,devuser7,Secure@456,India,phishing
vpn.techcorp.com,guestuser58,Admin@123,Germany,phishing
vpn.clouddata.io,admin42,Data@654,UK,database_leak
vpn.techcorp.com,devuser15,Money@2024,Australia,malware
vpn.cyberinfra.io,employee0140,Dev@789,Germany,credential_dump
vpn.securebank.net,network_ops81,Access@777,Australia,malware
vpn.startupcloud.io,it_support68,Data@654,Canada,database_leak
vpn.clouddata.io,guestuser51,Cloud@321,India,credential_dump
vpn.financehub.org,finance0156,Data@654,Canada,phishing
vpn.datavault.net,devuser75,Data@654,Australia,malware
vpn.techcorp.com,it_support23,Data@654,India,database_leak
vpn.securebank.net,admin20,Admin@123,Germany,malware
vpn.cyberinfra.io,finance0163,Pass@909,India,phishing
vpn.startupcloud.io,devuser42,Cloud@321,Germany,database_leak
vpn.techcorp.com,it_support97,Dev@789,USA,credential_dump
vpn.clouddata.io,analyst0718,Secure@456,India,database_leak
vpn.startupcloud.io,it_support29,Welcome@1,Australia,phishing
vpn.securebank.net,it_support28,Pass@909,UK,malware
vpn.startupcloud.io,analyst0715,Money@2024,Germany,database_leak
vpn.techcorp.com,network_ops56,Welcome@1,Canada,malware
vpn.securebank.net,analyst0781,Admin@123,Singapore,phishing
vpn.securebank.net,finance0114,User@888,USA,database_leak
vpn.securebank.net,finance0179,Welcome@1,UK,database_leak
vpn.globaldata.org,it_support91,Admin@123,USA,database_leak
vpn.startupcloud.io,guestuser43,Access@777,Singapore,malware
vpn.clouddata.io,network_ops81,Dev@789,UK,phishing
vpn.clouddata.io,devuser93,Access@777,Australia,malware
vpn.techcorp.com,guestuser63,Money@2024,Singapore,credential_dump
vpn.clouddata.io,network_ops39,Money@2024,Singapore,database_leak
vpn.globaldata.org,it_support33,Access@777,UK,credential_dump
vpn.clouddata.io,guestuser90,Data@654,UK,credential_dump
vpn.datavault.net,devuser95,Money@2024,India,malware
vpn.financehub.org,user3422,Welcome@1,India,malware
vpn.cyberinfra.io,employee2283,Money@2024,Singapore,phishing
vpn.securebank.net,devuser55,Access@777,Canada,phishing
vpn.startupcloud.io,network_ops79,Admin@123,Singapore,credential_dump
vpn.clouddata.io,employee2237,Secure@456,Australia,credential_dump
vpn.securebank.net,it_support93,Money@2024,USA,malware
vpn.cyberinfra.io,devuser61,Secure@456,UK,malware
vpn.techcorp.com,it_support71,User@888,USA,database_leak
vpn.securebank.net,devuser75,Pass@909,India,credential_dump
vpn.datavault.net,analyst0750,Welcome@1,Singapore,database_leak
vpn.financehub.org,employee0131,Data@654,USA,credential_dump
vpn.clouddata.io,user3465,Admin@123,India,malware
vpn.securebank.net,guestuser61,Secure@456,India,phishing
vpn.financehub.org,user3458,Welcome@1,USA,credential_dump
vpn.techcorp.com,guestuser52,Access@777,India,phishing
vpn.cyberinfra.io,employee2297,Admin@123,Australia,malware
vpn.financehub.org,analyst0755,Data@654,UK,phishing
vpn.globaldata.org,devuser88,Data@654,Singapore,phishing
vpn.cyberinfra.io,user3411,Data@654,Canada,credential_dump
vpn.financehub.org,guestuser86,Money@2024,India,phishing
vpn.financehub.org,it_support6,Data@654,Germany,malware
vpn.startupcloud.io,user3462,Data@654,USA,malware
vpn.techcorp.com,guestuser54,Cloud@321,Canada,database_leak
vpn.globaldata.org,employee2235,Access@777,Germany,credential_dump
vpn.datavault.net,employee0193,Pass@909,India,malware
vpn.techcorp.com,employee2262,Welcome@1,Singapore,database_leak
vpn.clouddata.io,it_support70,Admin@123,UK,database_leak
vpn.techcorp.com,admin7,Cloud@321,Australia,phishing
vpn.securebank.net,user346,User@888,UK,malware
vpn.securebank.net,it_support74,Access@777,Canada,phishing
vpn.datavault.net,devuser50,Money@2024,India,credential_dump
vpn.clouddata.io,finance0123,Dev@789,UK,malware
vpn.financehub.org,analyst074,Admin@123,India,phishing
vpn.globaldata.org,admin78,Cloud@321,Singapore,malware
vpn.clouddata.io,admin1,Cloud@321,Germany,phishing
vpn.startupcloud.io,employee2211,Cloud@321,India,credential_dump
vpn.globaldata.org,guestuser15,Access@777,Canada,phishing
vpn.securebank.net,analyst0717,Cloud@321,USA,credential_dump
vpn.clouddata.io,network_ops92,Dev@789,India,credential_dump
vpn.globaldata.org,employee0161,Dev@789,Australia,database_leak
vpn.financehub.org,it_support2,Dev@789,UK,credential_dump
vpn.financehub.org,network_ops27,Secure@456,Germany,phishing
vpn.securebank.net,admin33,Pass@909,Australia,phishing
vpn.cyberinfra.io,user3487,Secure@456,UK,malware
vpn.techcorp.com,network_ops1,Data@654,Australia,phishing
vpn.clouddata.io,guestuser50,Secure@456,Australia,credential_dump
vpn.globaldata.org,network_ops60,Money@2024,Germany,credential_dump
vpn.cyberinfra.io,finance0112,Welcome@1,Singapore,database_leak
vpn.techcorp.com,network_ops39,Access@777,India,credential_dump
vpn.startupcloud.io,network_ops32,Admin@123,Australia,database_leak
vpn.financehub.org,it_support9,Access@777,Australia,phishing
vpn.techcorp.com,user3491,Access@777,Canada,phishing
vpn.financehub.org,devuser24,Money@2024,Australia,malware
vpn.startupcloud.io,admin89,Data@654,Canada,database_leak
vpn.securebank.net,devuser53,Admin@123,USA,malware
vpn.startupcloud.io,network_ops50,Data@654,USA,malware
vpn.cyberinfra.io,guestuser2,Pass@909,India,phishing
vpn.clouddata.io,employee2276,User@888,UK,credential_dump
vpn.datavault.net,guestuser7,Dev@789,Australia,malware
vpn.financehub.org,network_ops49,Cloud@321,Germany,credential_dump
vpn.startupcloud.io,devuser67,User@888,Singapore,database_leak
vpn.datavault.net,employee0196,Money@2024,Germany,malware
vpn.startupcloud.io,employee0153,Secure@456,India,malware
vpn.datavault.net,user3443,Admin@123,Australia,database_leak
vpn.startupcloud.io,employee014,Secure@456,Canada,database_leak
vpn.globaldata.org,employee0126,Money@2024,UK,credential_dump
vpn.techcorp.com,admin4,Data@654,USA,phishing
vpn.financehub.org,it_support84,User@888,Canada,credential_dump
vpn.startupcloud.io,it_support93,Dev@789,Singapore,phishing
vpn.datavault.net,finance0156,Access@777,Singapore,malware
vpn.financehub.org,employee0171,Pass@909,UK,credential_dump
vpn.globaldata.org,admin72,Secure@456,India,malware
vpn.startupcloud.io,guestuser6,User@888,UK,phishing
vpn.financehub.org,admin55,Money@2024,USA,malware
vpn.cyberinfra.io,devuser75,Access@777,Germany,credential_dump
vpn.cyberinfra.io,employee0142,User@888,Canada,malware
vpn.clouddata.io,analyst0791,Pass@909,Australia,malware
vpn.globaldata.org,user3486,Welcome@1,UK,phishing
vpn.securebank.net,network_ops71,Secure@456,UK,malware
vpn.financehub.org,admin10,User@888,India,phishing
vpn.globaldata.org,devuser85,Welcome@1,Australia,malware
vpn.clouddata.io,guestuser38,Cloud@321,UK,database_leak
vpn.datavault.net,admin68,Admin@123,Canada,phishing
vpn.datavault.net,devuser59,Data@654,USA,credential_dump
vpn.startupcloud.io,guestuser30,Pass@909,India,credential_dump
vpn.clouddata.io,employee0156,Admin@123,USA,phishing
vpn.cyberinfra.io,user3494,Pass@909,India,phishing
vpn.clouddata.io,it_support62,Admin@123,Canada,database_leak
vpn.globaldata.org,guestuser46,Money@2024,USA,malware
vpn.cyberinfra.io,network_ops77,Secure@456,Canada,phishing
vpn.startupcloud.io,employee0141,Secure@456,Australia,malware
vpn.globaldata.org,it_support64,Data@654,Canada,phishing
vpn.datavault.net,user3489,Money@2024,Australia,malware
vpn.cyberinfra.io,finance0183,Money@2024,Australia,phishing
vpn.clouddata.io,devuser37,Pass@909,USA,malware
vpn.cyberinfra.io,devuser80,Secure@456,Germany,malware
vpn.startupcloud.io,network_ops36,Welcome@1,India,malware
vpn.techcorp.com,devuser63,Welcome@1,Germany,credential_dump
vpn.cyberinfra.io,network_ops26,Access@777,Singapore,malware
vpn.financehub.org,it_support58,Dev@789,India,credential_dump
vpn.globaldata.org,user3440,Data@654,USA,database_leak
vpn.cyberinfra.io,network_ops98,User@888,Canada,phishing
vpn.datavault.net,it_support15,Welcome@1,Singapore,phishing
vpn.securebank.net,admin36,Pass@909,Germany,credential_dump
vpn.cyberinfra.io,employee0114,Pass@909,Germany,credential_dump
vpn.clouddata.io,employee2230,Data@654,India,database_leak
vpn.datavault.net,employee0122,Secure@456,USA,malware
vpn.datavault.net,finance0162,User@888,Singapore,credential_dump
vpn.datavault.net,employee2218,Money@2024,USA,database_leak
vpn.clouddata.io,finance0173,Access@777,Germany,database_leak
vpn.clouddata.io,devuser47,Data@654,Singapore,malware
vpn.cyberinfra.io,guestuser20,Pass@909,Australia,database_leak
vpn.globaldata.org,finance0119,Secure@456,Germany,credential_dump
vpn.cyberinfra.io,devuser16,Welcome@1,Canada,database_leak
vpn.clouddata.io,it_support99,Data@654,USA,database_leak
vpn.globaldata.org,guestuser94,Money@2024,UK,malware
vpn.financehub.org,employee2236,Money@2024,USA,phishing
vpn.startupcloud.io,network_ops33,Pass@909,Germany,malware
vpn.datavault.net,analyst0797,User@888,Germany,phishing
vpn.securebank.net,user3412,Welcome@1,Singapore,malware
vpn.clouddata.io,devuser51,Access@777,Canada,credential_dump
vpn.startupcloud.io,it_support8,Money@2024,Canada,malware
vpn.globaldata.org,guestuser3,Dev@789,USA,phishing
vpn.globaldata.org,employee2238,Cloud@321,UK,malware
vpn.clouddata.io,user3499,Welcome@1,Singapore,credential_dump
vpn.cyberinfra.io,devuser27,Dev@789,UK,malware
vpn.globaldata.org,it_support35,User@888,USA,credential_dump
vpn.startupcloud.io,employee0148,Data@654,India,phishing
vpn.clouddata.io,admin77,Data@654,Australia,malware
vpn.techcorp.com,analyst0769,Admin@123,USA,malware
vpn.globaldata.org,network_ops78,User@888,Germany,database_leak
vpn.securebank.net,guestuser57,Cloud@321,Germany,malware
vpn.techcorp.com,admin62,User@888,Germany,malware
vpn.startupcloud.io,network_ops15,Secure@456,Singapore,phishing
vpn.techcorp.com,devuser95,Welcome@1,Germany,phishing
vpn.datavault.net,employee2248,Money@2024,Singapore,database_leak
vpn.cyberinfra.io,it_support96,Data@654,Canada,malware
vpn.startupcloud.io,guestuser85,Cloud@321,Singapore,phishing
vpn.financehub.org,employee0192,Cloud@321,USA,database_leak
vpn.securebank.net,finance0135,Admin@123,Australia,credential_dump
vpn.globaldata.org,guestuser49,Admin@123,Germany,database_leak
vpn.clouddata.io,finance016,Money@2024,India,malware
vpn.securebank.net,network_ops9,Cloud@321,Canada,database_leak
vpn.clouddata.io,finance0173,Secure@456,Australia,credential_dump
vpn.datavault.net,employee0137,Pass@909,Singapore,phishing
vpn.clouddata.io,employee018,Secure@456,Australia,credential_dump
vpn.financehub.org,employee2218,Cloud@321,Germany,phishing
vpn.clouddata.io,it_support7,User@888,USA,malware
vpn.clouddata.io,network_ops15,Welcome@1,USA,credential_dump
vpn.techcorp.com,user3464,User@888,Singapore,database_leak
vpn.cyberinfra.io,employee0181,User@888,India,phishing
vpn.datavault.net,employee2243,Data@654,Germany,credential_dump
vpn.startupcloud.io,devuser21,Admin@123,UK,malware
vpn.financehub.org,admin54,Data@654,UK,database_leak
vpn.techcorp.com,user3484,Money@2024,Germany,credential_dump
vpn.globaldata.org,admin34,Money@2024,Singapore,phishing
vpn.techcorp.com,admin62,Welcome@1,USA,database_leak
vpn.financehub.org,user3416,Data@654,UK,phishing
vpn.securebank.net,guestuser38,Data@654,USA,phishing
vpn.securebank.net,analyst0773,Access@777,Canada,phishing
vpn.globaldata.org,network_ops64,Welcome@1,Germany,phishing
vpn.cyberinfra.io,analyst0770,Cloud@321,Australia,credential_dump
vpn.clouddata.io,devuser84,Cloud@321,Canada,credential_dump
vpn.securebank.net,devuser5,Money@2024,Australia,database_leak
vpn.cyberinfra.io,user3460,Secure@456,USA,phishing
vpn.clouddata.io,guestuser31,Welcome@1,Singapore,credential_dump
vpn.startupcloud.io,devuser63,Money@2024,Singapore,phishing
vpn.datavault.net,devuser66,Cloud@321,Singapore,database_leak
vpn.financehub.org,it_support14,Pass@909,Australia,credential_dump
vpn.datavault.net,it_support1,Admin@123,USA,phishing
vpn.securebank.net,finance0154,Dev@789,Singapore,malware
vpn.globaldata.org,finance0190,Cloud@321,Germany,credential_dump
vpn.clouddata.io,network_ops6,Money@2024,UK,phishing
vpn.startupcloud.io,finance0186,User@888,Germany,phishing
vpn.techcorp.com,network_ops22,User@888,Australia,database_leak
vpn.cyberinfra.io,user3479,Access@777,India,phishing
vpn.clouddata.io,user3469,Admin@123,USA,malware
vpn.financehub.org,employee2265,Data@654,USA,credential_dump
vpn.globaldata.org,guestuser48,Data@654,Germany,phishing
vpn.cyberinfra.io,finance0140,Welcome@1,India,phishing
vpn.securebank.net,employee2219,Money@2024,UK,malware
vpn.datavault.net,finance0167,Cloud@321,UK,database_leak
vpn.datavault.net,guestuser35,Welcome@1,India,phishing
vpn.datavault.net,guestuser93,Data@654,Germany,credential_dump
vpn.securebank.net,guestuser91,Cloud@321,India,credential_dump
vpn.globaldata.org,employee2227,Money@2024,Canada,credential_dump
vpn.techcorp.com,admin13,Cloud@321,Singapore,database_leak
vpn.clouddata.io,user3445,Secure@456,Germany,database_leak
vpn.startupcloud.io,employee0181,Admin@123,USA,malware
vpn.financehub.org,user3453,Admin@123,Germany,malware
vpn.startupcloud.io,devuser76,Cloud@321,Canada,database_leak
vpn.globaldata.org,finance0134,Secure@456,Australia,credential_dump
vpn.clouddata.io,employee2287,Cloud@321,Australia,database_leak
vpn.securebank.net,analyst0729,Cloud@321,Germany,malware
vpn.datavault.net,devuser64,Dev@789,Australia,database_leak
vpn.financehub.org,employee0179,Secure@456,India,phishing
vpn.techcorp.com,analyst0783,Admin@123,USA,database_leak
vpn.cyberinfra.io,devuser45,Secure@456,USA,phishing
vpn.financehub.org,user3440,Access@777,India,credential_dump
vpn.financehub.org,admin38,Money@2024,UK,credential_dump
vpn.techcorp.com,analyst0727,Access@777,India,credential_dump
vpn.techcorp.com,employee0190,Welcome@1,India,credential_dump
vpn.cyberinfra.io,analyst0752,Access@777,Germany,database_leak
vpn.financehub.org,devuser81,Access@777,UK,database_leak
vpn.techcorp.com,admin15,Cloud@321,USA,credential_dump
vpn.financehub.org,user3438,Secure@456,Canada,credential_dump
vpn.datavault.net,employee2216,User@888,Canada,phishing
vpn.globaldata.org,guestuser51,Admin@123,USA,credential_dump
vpn.globaldata.org,employee0121,User@888,UK,database_leak
vpn.datavault.net,admin8,User@888,Singapore,phishing
vpn.cyberinfra.io,guestuser92,Welcome@1,UK,phishing
vpn.cyberinfra.io,guestuser65,Money@2024,Canada,credential_dump
vpn.securebank.net,it_support21,Cloud@321,UK,phishing
vpn.clouddata.io,devuser84,Welcome@1,Canada,malware
vpn.securebank.net,network_ops69,Welcome@1,UK,phishing
vpn.cyberinfra.io,admin16,Admin@123,Singapore,database_leak
vpn.globaldata.org,employee2255,Pass@909,Australia,database_leak
vpn.startupcloud.io,user3440,Secure@456,Canada,database_leak
vpn.techcorp.com,guestuser54,User@888,Singapore,phishing
vpn.securebank.net,admin39,Money@2024,India,database_leak
vpn.clouddata.io,guestuser83,User@888,Canada,phishing
vpn.financehub.org,user3478,Dev@789,Germany,phishing
vpn.securebank.net,admin87,Pass@909,Germany,credential_dump
vpn.globaldata.org,it_support83,Cloud@321,UK,phishing
vpn.cyberinfra.io,finance014,Welcome@1,Canada,phishing
vpn.techcorp.com,employee0125,Data@654,USA,malware
vpn.financehub.org,employee0147,Money@2024,UK,credential_dump
vpn.startupcloud.io,it_support59,Dev@789,Australia,phishing
vpn.financehub.org,finance0122,Pass@909,UK,phishing
vpn.clouddata.io,network_ops3,Access@777,India,malware
vpn.securebank.net,it_support36,Admin@123,Singapore,database_leak
vpn.techcorp.com,user3412,Dev@789,India,malware
vpn.cyberinfra.io,admin32,Secure@456,UK,database_leak
vpn.securebank.net,analyst0797,Access@777,USA,malware
vpn.globaldata.org,employee0160,Dev@789,Germany,malware
vpn.techcorp.com,admin98,Secure@456,Singapore,phishing
vpn.financehub.org,user3487,Cloud@321,India,credential_dump
vpn.securebank.net,user344,Dev@789,Canada,credential_dump
vpn.globaldata.org,admin97,Data@654,Canada,phishing
vpn.datavault.net,employee227,Admin@123,Singapore,credential_dump
vpn.datavault.net,employee0150,Dev@789,Singapore,phishing
vpn.startupcloud.io,employee2250,Welcome@1,Canada,database_leak
vpn.clouddata.io,analyst0791,Pass@909,Australia,phishing
vpn.techcorp.com,it_support81,Admin@123,Germany,credential_dump
vpn.techcorp.com,employee2218,Secure@456,UK,database_leak
vpn.cyberinfra.io,it_support2,Cloud@321,Canada,database_leak
vpn.cyberinfra.io,employee2210,User@888,Canada,phishing
vpn.securebank.net,guestuser92,Welcome@1,Germany,malware
vpn.techcorp.com,employee2214,Admin@123,Singapore,phishing
vpn.datavault.net,employee2279,Secure@456,Canada,phishing
vpn.financehub.org,employee2226,Cloud@321,Germany,credential_dump
vpn.globaldata.org,it_support47,User@888,Canada,phishing
vpn.financehub.org,network_ops58,Data@654,Australia,database_leak
vpn.financehub.org,guestuser26,Money@2024,Germany,phishing
vpn.techcorp.com,it_support89,Access@777,India,phishing
vpn.clouddata.io,admin60,Dev@789,Canada,malware
vpn.financehub.org,analyst0778,Access@777,UK,credential_dump
vpn.securebank.net,it_support18,User@888,USA,database_leak
vpn.techcorp.com,analyst0741,Admin@123,Germany,malware
vpn.securebank.net,guestuser21,User@888,Singapore,malware
vpn.cyberinfra.io,admin49,Welcome@1,UK,credential_dump
vpn.datavault.net,employee2236,Admin@123,UK,malware
vpn.datavault.net,it_support76,Dev@789,Canada,credential_dump
vpn.cyberinfra.io,employee2275,Access@777,India,credential_dump
vpn.techcorp.com,network_ops58,Welcome@1,India,phishing
vpn.financehub.org,analyst0796,Admin@123,Canada,malware
vpn.securebank.net,it_support96,Secure@456,Germany,malware
vpn.techcorp.com,employee2286,Data@654,UK,credential_dump
vpn.securebank.net,analyst0758,Access@777,India,database_leak
vpn.globaldata.org,analyst0771,Pass@909,UK,credential_dump
vpn.clouddata.io,finance0126,Dev@789,Germany,database_leak
vpn.globaldata.org,admin53,Cloud@321,Canada,phishing
vpn.clouddata.io,finance0160,Pass@909,Canada,credential_dump
vpn.securebank.net,guestuser43,Access@777,Germany,credential_dump
vpn.datavault.net,employee0183,Admin@123,India,database_leak
vpn.techcorp.com,finance017,Dev@789,USA,phishing
vpn.globaldata.org,employee2262,Dev@789,India,malware
vpn.financehub.org,user3480,Access@777,Canada,credential_dump
vpn.securebank.net,admin33,Data@654,India,database_leak
vpn.datavault.net,network_ops17,Dev@789,Germany,phishing
vpn.securebank.net,network_ops12,Cloud@321,Germany,credential_dump
vpn.startupcloud.io,guestuser80,Cloud@321,USA,database_leak
vpn.startupcloud.io,employee2234,Money@2024,India,malware
vpn.cyberinfra.io,admin75,Money@2024,Canada,phishing
vpn.financehub.org,analyst077,Access@777,USA,malware
vpn.globaldata.org,analyst0744,Welcome@1,USA,database_leak
vpn.clouddata.io,guestuser29,Cloud@321,Singapore,malware
vpn.clouddata.io,admin66,Admin@123,India,database_leak
vpn.clouddata.io,employee2278,Pass@909,Singapore,phishing
vpn.securebank.net,it_support99,Access@777,Singapore,database_leak
vpn.globaldata.org,user3421,Pass@909,UK,database_leak
vpn.datavault.net,finance0196,Admin@123,Germany,database_leak
vpn.techcorp.com,guestuser42,Cloud@321,Australia,phishing
vpn.globaldata.org,finance0151,Pass@909,Canada,credential_dump
vpn.securebank.net,devuser43,Access@777,Singapore,phishing
vpn.startupcloud.io,network_ops36,Data@654,Germany,malware
vpn.securebank.net,user3458,Access@777,Canada,credential_dump
vpn.globaldata.org,employee2268,Secure@456,Singapore,credential_dump
vpn.techcorp.com,network_ops27,Secure@456,Canada,phishing
vpn.startupcloud.io,finance0187,Cloud@321,Australia,malware
vpn.securebank.net,devuser50,Welcome@1,UK,database_leak
vpn.cyberinfra.io,guestuser77,Data@654,India,credential_dump
vpn.globaldata.org,guestuser31,Welcome@1,Australia,malware
vpn.clouddata.io,employee2244,Welcome@1,Australia,database_leak
vpn.datavault.net,it_support56,Money@2024,USA,database_leak
vpn.datavault.net,employee2243,Secure@456,Canada,credential_dump
vpn.globaldata.org,admin52,Cloud@321,Canada,malware
vpn.cyberinfra.io,employee2214,Secure@456,Singapore,database_leak
vpn.financehub.org,user3432,Admin@123,India,database_leak
vpn.globaldata.org,network_ops91,Secure@456,Australia,malware
vpn.cyberinfra.io,user3414,Dev@789,Canada,credential_dump
vpn.techcorp.com,admin93,Secure@456,USA,credential_dump
vpn.globaldata.org,admin35,Money@2024,UK,database_leak
vpn.financehub.org,employee2219,Admin@123,Canada,credential_dump
vpn.globaldata.org,employee2271,Cloud@321,Canada,credential_dump
vpn.cyberinfra.io,user3452,User@888,USA,credential_dump
vpn.securebank.net,employee2243,Access@777,Canada,database_leak
